latitude,longitude,elevation,slope,aspect,curvature,soil_moisture,label
27.6022,88.6463,1578.0,8.317918871896588,41.57337355150662,-1.0,0.34327942,1
27.4975,88.5348,1193.0,20.508342318168506,357.52242442029086,6.0,0.39361933,1
27.4005,88.5135,894.0,53.65232429628262,145.58536063879012,-9.0,0.30612543,1
27.2341,88.4977,458.0,29.361958569801097,97.44696576368142,6.0,0.2950465,1
27.1751,88.5333,302.0,1.0469898661202004,41.57337355150662,4.0,0.30933088,1
27.6171,88.61906,1870.0,24.50371761059636,181.0163329895667,6.0,0.36577863,1
27.59805,88.60393,3412.0,47.876025925042484,139.68027945407363,12.0,0.39125738,1
27.62163,88.69027,2310.0,17.2718155754347,290.5959182122825,-1.0,0.3054572,1
27.64789,88.63953,3929.0,35.06177117369774,47.01310769093851,4.0,0.33938366,1
27.59518,88.64833,1768.0,34.20669736339316,201.26915903025392,5.0,0.34233117,1
27.59518,88.60356,3190.0,41.07360728983033,149.63120078018255,-25.0,0.3932139,1
27.64958,88.62997,3525.0,33.43863609233214,39.9988125387211,2.0,0.3447967,1
27.62522,88.64963,2874.0,31.144057247189195,120.35065600975213,-19.0,0.33625162,1
27.58812,88.61177,3134.0,44.80753164561328,152.88352568845687,-4.0,0.38777393,1
27.61848,88.65757,2040.0,39.751051079456374,150.60103975675628,-3.0,0.33014688,1
27.5883,88.62828,2786.0,27.721451793415365,220.25432653311984,8.0,0.36755556,1
27.58823,88.63755,2391.0,31.80013896905354,222.6912660760156,14.0,0.35651425,1
27.60946,88.62825,1844.0,34.34286666608243,235.92443236131274,-2.0,0.36004868,1
27.5448,88.70187,3061.0,37.11440719426606,358.77556041084995,9.0,0.28831017,1
27.55045,88.6459,1338.0,31.70896856825577,78.94300312847236,0.0,0.32312527,1
27.58533,88.61457,3290.0,42.942593863440315,275.9025183676462,-1.0,0.3857793,1
27.57182,88.67098,2156.0,39.06262829478129,51.44283454936078,16.0,0.29160857,1
27.61163,88.60967,2178.0,28.262165927668715,287.25980135379257,12.0,0.37750116,1
27.50377,88.54474,1440.0,38.46097205462971,40.26444173676822,0.0,0.39296278,1
27.43871,88.56407,2467.0,38.935263895635394,298.28330253828943,-9.0,0.33243772,1
27.45765,88.52042,914.0,24.16718403810736,270.58190998605073,15.0,0.34193015,1
27.50341,88.52923,938.0,28.253939394674155,14.817976833480714,-2.0,0.39301986,1
27.51965,88.50161,1512.0,10.720290397296306,236.38140728113405,4.0,0.416677,1
27.50264,88.49891,1858.0,25.288047186410648,209.75354678748124,3.0,0.41782922,1
27.49403,88.55918,1991.0,27.503798514334793,309.0667554779429,-1.0,0.359952,1
27.48847,88.57549,2634.0,28.970892084928863,76.18937947552035,-6.0,0.357063,1
27.45314,88.53264,1391.0,20.70468641295342,8.611487908962602,7.0,0.33959144,1
27.4759,88.56491,1895.0,33.16779489790543,15.791701142126271,-29.0,0.35087228,1
27.48368,88.54565,1555.0,35.8034224785281,52.20374423318424,-8.0,0.3547243,1
27.52921,88.51545,830.0,25.22510829735938,241.07328236872252,10.0,0.3903651,1
27.50781,88.54564,1480.0,27.068013898731774,317.7484758188864,-2.0,0.39256313,1
27.44461,88.58094,2399.0,47.45856533496425,138.10861731247292,-20.0,0.3354643,1
27.50722,88.53373,1027.0,34.235236371610014,39.02630097342387,2.0,0.39262024,1
27.48595,88.58174,2545.0,25.542862402619672,47.3844757507286,-7.0,0.35582486,1
27.47719,88.45621,1832.0,16.592159743728644,282.3644099866186,4.0,0.36585262,1
27.51585,88.55946,1387.0,20.443004083624515,236.62072687650317,-11.0,0.39173532,1
27.52843,88.53741,1030.0,52.77238773263107,151.16996222275657,39.0,0.39045075,1
27.52544,88.52583,780.0,31.743194646650778,39.33218633947689,56.0,0.3907362,1
27.47232,88.53755,1075.0,25.858549823821555,277.02115521186704,-10.0,0.34908384,1
27.48822,88.47517,1303.0,28.502213564278172,104.58307444382581,12.0,0.37671143,1
27.39391,88.52562,1172.0,29.780764930311,282.8844064340534,-6.0,0.3053526,1
27.41121,88.57009,1819.0,21.863627048931694,80.85081915508749,-36.0,0.30734906,1
27.44484,88.51874,952.0,35.016992730178586,5.628708436011664,-9.0,0.3354643,1
27.38495,88.52123,1297.0,26.671288643197922,313.59171479152747,9.0,0.30432218,1
27.37625,88.51127,1442.0,4.575649431119761,300.83083475942294,-6.0,0.3094822,1
27.38545,88.45594,1037.0,28.412549121833546,109.69223947649368,10.0,0.29896015,1
27.42796,88.5127,629.0,30.95820409709264,344.76291411688555,-10.0,0.35045165,1
27.41036,88.51531,602.0,24.68313748371885,205.53013138132033,6.0,0.30725244,1
27.38461,88.5874,1384.0,19.649900427038954,313.568173098481,-4.0,0.30429,1
27.4159,88.50773,947.0,23.121636420867773,152.36088201578286,2.0,0.3421386,1
27.40341,88.52255,654.0,52.47269220256561,91.20344212545228,-3.0,0.30644745,1
27.42956,88.51246,602.0,17.962747546665774,356.4256315787172,11.0,0.35115013,1
27.37944,88.47844,703.0,33.8414568066452,84.14822964799623,1.0,0.30343038,1
27.39067,88.54778,929.0,20.422680294350283,272.80619869129373,17.0,0.3049662,1
27.38874,88.53606,1243.0,15.73273294824021,254.0367094943558,0.0,0.3047408,1
27.35659,88.53723,2437.0,35.08744540038212,278.2054905284724,-3.0,0.30103773,1
27.40938,88.48622,1764.0,8.626317044460992,233.07191807683319,-4.0,0.30679244,1
27.40833,88.55558,1614.0,10.907191521652313,118.2290635488971,0.0,0.30702704,1
27.40065,88.47144,2343.0,42.548778256357124,61.20997776469801,14.0,0.3025951,1
27.39346,88.53111,1062.0,28.224458569302897,297.2901384297478,-3.0,0.3052882,1
27.35804,88.57921,1771.0,26.937109284701755,101.90429013116398,-6.0,0.30119872,1
27.38788,88.48378,1221.0,41.275040154784215,114.86974270022421,14.0,0.3049785,1
27.39022,88.49651,828.0,19.76825142418593,104.69124929419337,-1.0,0.30789334,1
27.37643,88.51649,1431.0,11.184217234330932,293.0691476211789,11.0,0.30332398,1
27.39566,88.4984,1349.0,47.27804474779399,69.55456466067972,-13.0,0.30881277,1
27.18758,88.50521,407.0,27.498446510314295,46.23873595409549,-2.0,0.30620953,1
27.23616,88.50809,408.0,37.525526037925786,104.43121615848258,11.0,0.2965099,1
27.20223,88.4773,501.0,37.983970895181216,87.6585085580432,-18.0,0.2986929,1
27.24831,88.50467,1229.0,31.70563763309514,95.92822255151589,-8.0,0.29332748,1
27.20652,88.50649,800.0,27.72601461970844,90.99365770974157,3.0,0.30242154,1
27.2806,88.47627,1956.0,27.334188184270104,355.06496833359154,2.0,0.28908512,1
27.2106,88.55367,1102.0,39.85521105865986,55.406262848506,20.0,0.30184942,1
27.22444,88.51191,1086.0,53.209074410351384,277.44135325432273,38.0,0.29961386,1
27.25851,88.46196,599.0,30.838206743619367,0.3879481167342078,-3.0,0.28407246,1
27.19717,88.5174,947.0,28.265582502703936,139.71578615938216,2.0,0.30470046,1
27.24092,88.46846,671.0,26.790589245309388,222.2597042742401,-8.0,0.28811085,1
27.27331,88.52131,1129.0,13.235076496744245,74.25974932221698,-3.0,0.29257292,1
27.18588,88.53246,553.0,26.08786324767587,66.40749140577469,9.0,0.3071357,1
27.23964,88.47308,520.0,39.08246978363299,258.6737455887379,6.0,0.28925285,1
27.2419,88.5266,592.0,21.76179277798933,343.5286175734284,-9.0,0.2951376,1
27.25755,88.51008,1309.0,26.48451676988243,209.66386254993938,5.0,0.29334372,1
27.19699,88.52236,759.0,21.381193715729292,140.19715763903332,5.0,0.30475986,1
27.19449,88.5546,675.0,33.68856097913539,307.9718667353693,-12.0,0.30529442,1
27.24976,88.49034,999.0,23.391419267101888,90.6036620177369,12.0,0.2902416,1
27.24301,88.47509,350.0,11.644135640130662,185.62870879981278,15.0,0.28883848,1
27.14841,88.37472,1141.0,28.175613930216368,289.37897400403097,-6.0,0.31152934,1
27.15063,88.3675,868.0,41.91658527790165,121.1834212144206,11.0,0.30983323,1
27.17279,88.35112,1174.0,23.022554055762917,30.91031972617793,0.0,0.30084234,1
27.18533,88.3279,374.0,0.3490311636869892,138.42662535632894,1.0,0.30350482,1
27.1834,88.30785,686.0,48.59292181183978,145.47303054359264,-4.0,0.30519152,1
27.19992,88.3399,929.0,31.22388554156367,26.537976827123885,-6.0,0.3004687,1
27.17549,88.37899,1786.0,37.93850260917762,84.63290138609244,0.0,0.30163,1
27.21871,88.35972,1711.0,33.201293595893134,280.83770021951375,4.0,0.29420567,1
27.16716,88.31593,860.0,21.808906374361364,300.8308336659296,6.0,0.3036678,1
27.25671,88.3585,2225.0,13.909995398533077,203.0626173191607,-1.0,0.28904003,1
27.19387,88.36486,1103.0,39.10992059818816,348.81811973945923,1.0,0.29839563,1
27.14939,88.32678,1147.0,23.28382213439613,58.740080660453486,-2.0,0.30753678,1
27.14297,88.35791,770.0,31.285763294148868,152.24697532944538,3.0,0.31090522,1
27.18957,88.35505,795.0,33.19044557709676,338.99670246690124,-1.0,0.29925206,1
27.1684,88.31901,919.0,20.36653772776374,240.59043724681754,4.0,0.30330858,1
27.48319444444014,88.36736111114666,3254.0,38.163838329381676,184.12950732951228,10.0,0.38992923,0
27.256527777773442,88.71680555559115,1388.0,39.41862870789735,285.43448453692804,16.0,0.30119896,0
27.897916666662418,88.36125000003555,4635.0,10.819939058523845,205.0254161557614,-5.0,0.2172859,0
27.57208333332904,88.74125000003559,4381.0,42.32940499483919,142.23394596519017,2.0,0.2900853,0
27.558472222217926,88.3593055555911,3224.0,30.25284804881637,199.01095007951662,1.0,0.4415968,0
27.173749999995653,88.32041666670222,581.0,25.83217769128769,226.59059001805775,4.0,0.30204025,0
27.82402777777352,88.6848611111467,4087.0,26.509444823412867,170.67182406640904,-1.0,0.25449756,0
27.89013888888464,88.37041666670221,4538.0,3.479701522847884,94.29820055628528,-4.0,0.21852271,0
27.1981944444401,88.35486111114666,977.0,38.214928884735336,115.36155400322912,-11.0,0.2978222,0
27.547083333329038,88.2854166667022,3652.0,35.5305460363847,230.34271710222336,13.0,0.45398274,0
27.46791666666236,88.6209722222578,3363.0,42.22109434720697,47.311453461166025,-1.0,0.32653758,0
27.617361111106824,88.21875000003553,4774.0,53.92739377139218,23.609070021427954,-24.0,0.4013828,0
27.385138888884573,88.36097222225777,1703.0,12.996436680977267,306.3251515720154,-6.0,0.30040032,0
27.58208333332904,88.28236111114664,3550.0,11.651794812323187,268.7336527214016,3.0,0.47664544,0
27.076527777773418,88.19847222225775,856.0,18.760387188588645,186.83522344070843,2.0,0.32269096,0
27.452361111106804,88.61625000003558,2071.0,20.255477132067472,132.78311117957264,1.0,0.32633504,0
27.509305555551254,88.61125000003558,2217.0,38.55997023052158,305.26946258813564,7.0,0.37022212,0
27.833194444440185,88.55513888892446,3680.0,28.947163556444973,346.47472728954557,7.0,0.23813875,0
27.40430555555124,88.29736111114664,1787.0,30.72329766324833,140.7596820463034,-2.0,0.31483263,0
27.767638888884623,88.46125000003556,3809.0,29.24235654287417,331.53955491379816,-7.0,0.29309288,0
27.509027777773476,88.73541666670226,3578.0,41.58550166775116,19.977674036075314,33.0,0.2789801,0
27.54652777777348,88.72847222225782,3334.0,16.683081489196944,266.5127326882597,-6.0,0.28630108,0
27.759861111106844,88.30263888892443,4705.0,14.112411216413507,64.21185328464355,-3.0,0.33400196,0
27.281805555551223,88.52763888892446,1531.0,17.500439766100527,90.0,13.0,0.29296556,0
27.40541666666235,88.73958333336893,4049.0,34.74783995613934,283.2939046860156,9.0,0.25918922,0
27.331249999995674,88.77930555559115,3666.0,12.466999017928197,141.56303413776232,8.0,0.2707494,0
27.16402777777343,88.27430555559108,944.0,29.877581537775317,289.46129509074956,0.0,0.30257323,0
27.52763888888459,88.75236111114671,3932.0,35.01552696387239,238.6420522068338,8.0,0.28546885,0
27.29486111110678,88.74902777781338,2265.0,36.423809595139986,188.82342777586518,-18.0,0.278328,0
27.159305555551207,88.39069444447999,1345.0,42.140963260194525,144.18091242459695,6.0,0.30896926,0
27.29486111110678,88.23708333336886,1678.0,27.160180887031657,77.69082856547408,3.0,0.32725963,0
27.249861111106775,88.56541666670223,1416.0,33.70259721050431,330.99681209292436,10.0,0.2934745,0
27.506805555551253,88.35958333336887,4008.0,33.65828008766197,337.51345884067337,-2.0,0.4433657,0
27.236805555551218,88.18875000003553,1953.0,2.1386763196198566,192.50317060775316,-6.0,0.31730178,0
27.18930555555121,88.80263888892449,2565.0,41.76664372918188,200.12152298570615,-12.0,0.33315244,0
27.36513888888457,88.55680555559113,1862.0,28.548458121281776,323.52908774247,-1.0,0.30200374,0
27.379305555551237,88.67013888892447,2921.0,23.738624928180634,293.190540133824,-16.0,0.26785836,0
27.110138888884535,88.19541666670219,1488.0,33.85823460881913,183.10849610698565,-4.0,0.31550115,0
27.857638888884633,88.41736111114666,4811.0,20.570570999055082,142.12278512684264,4.0,0.2364527,0
27.752916666662397,88.26347222225776,4868.0,12.111489067285731,333.12122083007,5.0,0.35365823,0
27.380972222217903,88.3918055555911,2749.0,30.010549674588777,305.7233831214542,16.0,0.30120412,0
27.099861111106755,88.40541666670222,729.0,23.03886765625838,101.7479876922863,-1.0,0.3392854,0
27.819305555551296,88.54263888892446,3778.0,37.09912119973531,229.8501759272969,18.0,0.24481559,0
27.298194444440114,88.75152777781338,2375.0,31.32511934715393,33.000446506332935,0.0,0.28313413,0
27.069583333328975,88.69875000003559,1838.0,45.54533560764966,165.99913418070628,-2.0,0.35135216,0
27.80847222221796,88.57430555559112,3847.0,25.55064706487103,302.2656053148306,-5.0,0.24850866,0
27.119305555551204,88.62680555559113,1163.0,28.44317010476074,282.1420524492622,4.0,0.3426424,0
27.45652777777347,88.2279166667022,4232.0,34.36605646387672,40.55981011656587,0.0,0.3585369,0
27.87319444444019,88.35652777781333,4663.0,12.920612366438034,166.75756466770213,-2.0,0.22389692,0
27.33958333332901,88.75430555559116,3221.0,26.918948928335837,343.82024528119916,-12.0,0.27849424,0
27.092083333328976,88.57069444448003,927.0,1.8000200779984576,64.21185328464355,12.0,0.34886444,0
27.403749999995686,88.76069444448004,4174.0,28.3135473530568,226.0806536598752,4.0,0.26877087,0
27.36486111110679,88.57958333336892,2130.0,9.690174523449825,263.87164636226396,22.0,0.30197155,0
27.592361111106822,88.44291666670222,1585.0,16.347859757619897,82.86005342626811,18.0,0.4188535,0
27.0968055555512,88.22236111114664,1070.0,20.272626865308062,99.94684297800904,-3.0,0.31409937,0
27.878194444440194,88.57819444448002,4271.0,35.31968089421444,99.25313222683536,10.0,0.21650581,0
27.582638888884595,88.29680555559109,2969.0,24.693952276132634,49.892670802842076,10.0,0.4726995,0
27.415416666662352,88.65013888892447,2257.0,53.49199935131467,335.61230897813783,-39.0,0.28851074,0
27.89597222221797,88.22819444447997,5312.0,15.549835840626056,177.50214213695324,-6.0,0.2220901,0
27.277916666662335,88.68125000003559,2452.0,15.244834031770235,170.60970537526737,2.0,0.29968002,0
27.399027777773462,88.2979166667022,1587.0,44.564546001716394,178.11838117664627,-2.0,0.31775767,0
27.159305555551207,88.22930555559108,1482.0,34.57715987573236,247.03928658263723,2.0,0.30961767,0
27.778194444440178,88.36736111114666,4928.0,35.799071970422325,27.001544757519184,11.0,0.2903449,0
27.83652777777352,88.35013888892443,5147.0,42.78397838361,312.42460049187946,-52.0,0.24164474,0
27.499027777773474,88.6234722222578,2625.0,34.65068073647114,278.7229060067657,23.0,0.35359606,0
27.118194444440093,88.1990277778133,1308.0,37.623835011661896,211.6322288515212,-12.0,0.31530127,0
27.764861111106843,88.67347222225781,4582.0,31.099408214016304,345.2471432642036,0.0,0.28167415,0
27.5137499999957,88.74763888892448,4341.0,41.890630497147946,52.06343916514754,12.0,0.27814335,0
27.428749999995688,88.26847222225776,2452.0,29.461754406112014,141.4954201671918,4.0,0.3542331,0
27.551527777773483,88.32375000003555,4295.0,14.316871900060685,0.0,-7.0,0.44839782,0
27.04708333332897,88.46819444448,1189.0,18.350371468613364,171.59058057929815,3.0,0.36086366,0
27.358194444440123,88.49430555559113,1347.0,21.161926988235816,312.1476542228046,-6.0,0.30479962,0
27.420416666662355,88.21180555559108,3048.0,32.57924504398351,334.92272767235784,2.0,0.33163142,0
27.82402777777352,88.7826388889245,4965.0,54.09042259217539,175.29860853979562,8.0,0.23716323,0
27.394861111106795,88.34597222225777,2079.0,30.559423762991504,166.5393708582418,9.0,0.30783176,0
27.103472222217867,88.56763888892446,1371.0,22.65911544001502,130.09633294852324,-4.0,0.346062,0
27.16374999999565,88.28375000003554,764.0,25.750152802959644,172.77820640126458,1.0,0.30539414,0
27.826249999995742,88.2454166667022,5526.0,26.89446526475262,103.50991182127689,1.0,0.24830502,0
27.310138888884563,88.65958333336891,2185.0,31.77140891801294,150.26088307395025,-1.0,0.28444257,0
27.40597222221791,88.43458333336889,1989.0,45.56182705328214,97.70453095383294,-7.0,0.29314625,0
27.46263888888458,88.22625000003553,4563.0,22.57116695478557,56.7569765912387,-5.0,0.36148128,0
27.02152777777341,88.3168055555911,1896.0,21.209824020685847,146.49006962527795,0.0,0.35702568,0
27.62430555555127,88.36347222225777,3845.0,40.69219594931419,45.60673207105668,17.0,0.42336398,0
27.101249999995645,88.25097222225776,680.0,36.4606954801524,332.6419166473518,-4.0,0.31313416,0
27.6001388888846,88.55375000003558,3652.0,15.708292137111878,243.01752594092608,8.0,0.4009767,0
27.749861111106842,88.52180555559113,3476.0,19.00453007911959,290.1227896967746,-11.0,0.29247373,0
27.032638888884524,88.29986111114665,1500.0,32.84340978331147,346.97139417853555,1.0,0.35122308,0
27.16374999999565,88.20708333336886,1526.0,35.28047028512678,121.01724738022546,-8.0,0.31254265,0
27.182361111106765,88.22069444447997,1294.0,38.94374995489715,95.50113338366003,0.0,0.31376797,0
27.78208333332907,88.59513888892447,3831.0,21.592352694697826,76.00632494771213,5.0,0.2694654,0
27.095138888884534,88.43069444448,882.0,22.43608718674491,120.51141058104304,4.0,0.34666103,0
27.153194444440096,88.7826388889245,1950.0,27.63907993509847,157.295499866682,-13.0,0.3462152,0
27.475694444440137,88.57013888892446,2094.0,45.59589410130538,352.2638122116949,16.0,0.3507347,0
27.42347222221791,88.23402777781331,3111.0,28.430635599994584,246.69419182708435,-16.0,0.3396932,0
27.84069444444019,88.64041666670225,5555.0,3.1984511192556324,35.35984350671441,-3.0,0.24084264,0
27.487361111106807,88.42458333336889,2894.0,48.3822012781259,100.26164903322314,4.0,0.3887673,0
27.61791666666238,88.27180555559109,3986.0,40.747702785459055,28.591741767740018,-39.0,0.45029223,0
27.293472222217893,88.37152777781333,1884.0,16.536951400412413,176.09666690452264,-3.0,0.29846597,0
27.899861111106862,88.81375000003561,5589.0,19.780696679600055,109.23651361229958,-6.0,0.20177811,0
27.581805555551263,88.29263888892443,3105.0,19.05658366166145,195.61403921323927,21.0,0.47430846,0
27.716805555551282,88.29930555559109,5548.0,42.72544214883812,62.68430982710635,39.0,0.38493067,0
27.476249999995694,88.35569444448,3530.0,41.475962704848044,238.2739133410189,11.0,0.3833531,0
27.211805555551216,88.18597222225775,2394.0,30.266219448452294,178.41221969896935,14.0,0.31624338,0
27.70291666666239,88.42763888892445,4650.0,18.298937602858043,155.44220809798242,-6.0,0.36327904,0
27.210138888884547,88.73208333336893,1426.0,39.69569559498793,328.9221054763663,5.0,0.32247418,0
